Asset,SPX,SPX,SPX,SPX,NDX,NDX,NDX,NDX,GOLD,GOLD,GOLD,GOLD,US30Y_BOND_FUT,US30Y_BOND_FUT,US30Y_BOND_FUT,US30Y_BOND_FUT,US10Y_NOTE_FUT,US10Y_NOTE_FUT,US10Y_NOTE_FUT,US10Y_NOTE_FUT,US5Y_NOTE_FUT,US5Y_NOTE_FUT,US5Y_NOTE_FUT,US5Y_NOTE_FUT,BTC,BTC,BTC,BTC
Metric,Ann_Mean_Return,Ann_Std_Dev,Months_Count,Ann_Sharpe_Ratio,Ann_Mean_Return,Ann_Std_Dev,Months_Count,Ann_Sharpe_Ratio,Ann_Mean_Return,Ann_Std_Dev,Months_Count,Ann_Sharpe_Ratio,Ann_Mean_Return,Ann_Std_Dev,Months_Count,Ann_Sharpe_Ratio,Ann_Mean_Return,Ann_Std_Dev,Months_Count,Ann_Sharpe_Ratio,Ann_Mean_Return,Ann_Std_Dev,Months_Count,Ann_Sharpe_Ratio,Ann_Mean_Return,Ann_Std_Dev,Months_Count,Ann_Sharpe_Ratio
KMeans,,,,,,,,,,,,,,,,,,,,,,,,,,,,
Regime_0,0.09521000853034346,0.14001873714744373,186,0.6799804831126609,0.1547004857889673,0.2520653745728352,186,0.6137316005862838,0.12694064222575951,0.16753142195711487,143,0.7577124383165214,0.054171517168617025,0.08991195162573998,142,0.6024951765490186,0.029835742112470476,0.05623884320343381,142,0.5305184177516791,0.015086175392706397,0.03488893462957451,142,0.4324057341641556,-0.5681426035983723,0.6640169664943496,10,-0.8556145885817616
Regime_1,-0.0966284200414001,0.30126138380758105,17,-0.32074612026318555,0.0573579165915348,0.32312382300792836,17,0.17751063990762275,0.24648324583375442,0.2436015048774778,17,1.0118297338012177,0.051942991690926595,0.17364610435990485,17,0.29913133889412097,0.03924209946125373,0.09428925809290153,17,0.41618844240548786,0.04337200336201459,0.05593088424419243,17,0.7754571369308918,0.45611383415628426,0.8625319364430305,4,0.5288080532266879
Regime_2,0.1314403455165341,0.11411419371068085,84,1.1518316980776386,0.23740968742805815,0.19583707336087267,84,1.212281634696301,,,0,,,,0,,,,0,,,,0,,,,0,
Regime_3,0.09580460648405051,0.1475904633032002,140,0.6491246408464468,0.14032545934432067,0.21920201355741226,140,0.6401650106538248,0.08357108638104517,0.14199091688390644,140,0.5885664253395444,-0.03597514044570709,0.10828917010079944,140,-0.3322136499173476,-0.021542876058582773,0.058155030679718694,140,-0.3704387360265937,-0.012118108328030053,0.03919177582855487,140,-0.3092002868418348,0.9076052054530472,0.7264833788055115,117,1.249313104651255
