Asset,SPX,SPX,SPX,SPX,QQQ,QQQ,QQQ,QQQ,GLD,GLD,GLD,GLD,TLT,TLT,TLT,TLT,BTC,BTC,BTC,BTC,IEF,IEF,IEF,IEF,SHY,SHY,SHY,SHY
Metric,Ann_Mean_Return,Ann_Std_Dev,Months_Count,Ann_Sharpe_Ratio,Ann_Mean_Return,Ann_Std_Dev,Months_Count,Ann_Sharpe_Ratio,Ann_Mean_Return,Ann_Std_Dev,Months_Count,Ann_Sharpe_Ratio,Ann_Mean_Return,Ann_Std_Dev,Months_Count,Ann_Sharpe_Ratio,Ann_Mean_Return,Ann_Std_Dev,Months_Count,Ann_Sharpe_Ratio,Ann_Mean_Return,Ann_Std_Dev,Months_Count,Ann_Sharpe_Ratio,Ann_Mean_Return,Ann_Std_Dev,Months_Count,Ann_Sharpe_Ratio
Regime_KMeans_Labeled,,,,,,,,,,,,,,,,,,,,,,,,,,,,
Expansion,-0.08233703404652892,0.1854926198701261,162,-0.44388307256740317,0.02264015515609081,0.191511194902699,162,0.11821844236099922,0.1263835390305768,0.17900839472210084,162,0.7060201798177076,0.01196766873125454,0.19638887889472179,162,0.06093862747528617,-0.008865435981790955,0.19045020210065208,162,-0.046549890123537975,0.01981376437510486,0.20077271531321764,162,0.09868753502782579,-0.0771994991544025,0.21221004992984935,162,-0.363788139062794
Recession,-0.10090290397561674,0.175047356035454,21,-0.5764320367979733,-0.06916481906739888,0.14727806535234114,21,-0.46962063836140305,0.06158622827150273,0.20715721972625672,21,0.297292212904211,0.058322165043189954,0.179862634686535,21,0.32425948360444046,0.22427785818799728,0.14538439742264817,21,1.542654247388028,-0.13846014364913511,0.17883096574929466,21,-0.7742515009578604,-0.30690436901258994,0.16478978489150173,21,-1.8623992331482018
Recovery,0.06965359138772508,0.18254378460756795,62,0.3815719693632196,0.016209180954483732,0.1952906689699888,62,0.08300028383319569,-0.0414852302569618,0.1943930316980395,62,-0.21340903989502513,-0.038234856294273305,0.15805335894083605,62,-0.2419110644056968,0.00857618889282832,0.1744483635684137,62,0.04916176178095808,-0.009733691061473098,0.18908681609884204,62,-0.05147736506592279,0.1661521521406563,0.19634401591679668,62,0.846229773618695
