Asset,SPX,SPX,SPX,SPX,NDX,NDX,NDX,NDX,GOLD,GOLD,GOLD,GOLD,US30Y_BOND_FUT,US30Y_BOND_FUT,US30Y_BOND_FUT,US30Y_BOND_FUT,US10Y_NOTE_FUT,US10Y_NOTE_FUT,US10Y_NOTE_FUT,US10Y_NOTE_FUT,US5Y_NOTE_FUT,US5Y_NOTE_FUT,US5Y_NOTE_FUT,US5Y_NOTE_FUT,BTC,BTC,BTC,BTC
Metric,Ann_Mean_Return,Ann_Std_Dev,Months_Count,Ann_Sharpe_Ratio,Ann_Mean_Return,Ann_Std_Dev,Months_Count,Ann_Sharpe_Ratio,Ann_Mean_Return,Ann_Std_Dev,Months_Count,Ann_Sharpe_Ratio,Ann_Mean_Return,Ann_Std_Dev,Months_Count,Ann_Sharpe_Ratio,Ann_Mean_Return,Ann_Std_Dev,Months_Count,Ann_Sharpe_Ratio,Ann_Mean_Return,Ann_Std_Dev,Months_Count,Ann_Sharpe_Ratio,Ann_Mean_Return,Ann_Std_Dev,Months_Count,Ann_Sharpe_Ratio
Regime_Ensemble,,,,,,,,,,,,,,,,,,,,,,,,,,,,
Regime_0,0.12866166078337476,0.1407657937430484,158,0.9140122565445955,0.18347591326659826,0.17099382753605744,158,1.072997288325561,0.06737772836764826,0.14295598540715082,158,0.47131799466633556,-0.013649356012279984,0.1021203744589961,158,-0.13365947867494887,-0.01178832769342884,0.05235278677315368,158,-0.22517096834802788,-0.009302296720670646,0.03349698817608092,158,-0.27770546628765586,0.7811667048751751,0.7292287642282245,131,1.071223110215515
Regime_2,0.07506122666662754,0.1510449045158038,269,0.4969464339578162,0.14999315499941734,0.2644962042204834,269,0.5670900096334971,0.16476759175151642,0.1787945215374901,142,0.9215472058911354,0.040393367973266765,0.10846461970383524,141,0.3724105434893115,0.026598185802640346,0.06739975767341923,141,0.3946332556790483,0.01881410410539228,0.0431606110108268,141,0.4359091232668782,,,0,
