Asset,SPX,SPX,SPX,SPX,NDX,NDX,NDX,NDX,GOLD,GOLD,GOLD,GOLD,US30Y_BOND_FUT,US30Y_BOND_FUT,US30Y_BOND_FUT,US30Y_BOND_FUT,US10Y_NOTE_FUT,US10Y_NOTE_FUT,US10Y_NOTE_FUT,US10Y_NOTE_FUT,US5Y_NOTE_FUT,US5Y_NOTE_FUT,US5Y_NOTE_FUT,US5Y_NOTE_FUT,BTC,BTC,BTC,BTC
Metric,Ann_Mean_Return,Ann_Std_Dev,Months_Count,Ann_Sharpe_Ratio,Ann_Mean_Return,Ann_Std_Dev,Months_Count,Ann_Sharpe_Ratio,Ann_Mean_Return,Ann_Std_Dev,Months_Count,Ann_Sharpe_Ratio,Ann_Mean_Return,Ann_Std_Dev,Months_Count,Ann_Sharpe_Ratio,Ann_Mean_Return,Ann_Std_Dev,Months_Count,Ann_Sharpe_Ratio,Ann_Mean_Return,Ann_Std_Dev,Months_Count,Ann_Sharpe_Ratio,Ann_Mean_Return,Ann_Std_Dev,Months_Count,Ann_Sharpe_Ratio
GMM,,,,,,,,,,,,,,,,,,,,,,,,,,,,
Regime_0,0.11778655958155378,0.13083102800503443,147,0.9002952998047321,0.20013225489799488,0.24801883783927692,147,0.8069236056483989,0.08902573456769718,0.16491040971690105,123,0.5398430258012589,0.027106839114821174,0.09102032173213173,122,0.2978108470611129,0.009872999795959833,0.05597952559325373,122,0.17636805048504484,0.002418915854725678,0.03407800376473989,122,0.0709817356505049,-0.6450875762321102,0.5157190734217774,3,-1.250850723732162
Regime_1,0.1422053414683358,0.2826877396308994,16,0.5030474319615379,0.3509401389931058,0.2910377614932291,16,1.2058233859157494,0.30383526665625415,0.2598963573527365,16,1.1690631979265602,0.05385466211598666,0.17540842701275408,16,0.30702437182263115,0.03528958538056676,0.09300567235729265,16,0.3794347644195023,0.03913359514301193,0.05396638458020437,16,0.7251476163805622,1.9274369875321788,0.5749194418206522,4,3.3525340201200717
Regime_2,0.1260875490167353,0.13331563694938559,106,0.945782144555222,0.21499232875914726,0.21577710191051208,106,0.9963630378551924,0.13042350316020146,0.19288244331707852,3,0.6761813098032924,0.41707981051072274,0.08730781691178716,3,4.777118765117286,0.19028757234536453,0.019731453450999806,3,9.643870017883682,0.1225167299757075,0.010312917954069044,3,11.879928699264747,,,0,
Regime_3,0.04777391621381108,0.1522154803358408,158,0.313857145859311,0.07238415085220239,0.22588666867851884,158,0.32044454538049466,0.11262465394067159,0.14526693899485452,158,0.7752944663111602,-0.012653850405639131,0.10612597228563463,158,-0.11923424712267136,-0.003139923033771222,0.059412536968167284,158,-0.052849502714445024,-0.000828501658817674,0.0400357348383786,158,-0.020694054003561467,0.7750844912946511,0.7363397971283505,124,1.0526179548048344
