Asset,SPX,SPX,SPX,SPX,NDX,NDX,NDX,NDX,GOLD,GOLD,GOLD,GOLD,BTC,BTC,BTC,BTC,US10Y,US10Y,US10Y,US10Y,US2Y,US2Y,US2Y,US2Y
Metric,Ann_Mean_Return,Ann_Std_Dev,Months_Count,Ann_Sharpe_Ratio,Ann_Mean_Return,Ann_Std_Dev,Months_Count,Ann_Sharpe_Ratio,Ann_Mean_Return,Ann_Std_Dev,Months_Count,Ann_Sharpe_Ratio,Ann_Mean_Return,Ann_Std_Dev,Months_Count,Ann_Sharpe_Ratio,Ann_Mean_Return,Ann_Std_Dev,Months_Count,Ann_Sharpe_Ratio,Ann_Mean_Return,Ann_Std_Dev,Months_Count,Ann_Sharpe_Ratio
KMeans,,,,,,,,,,,,,,,,,,,,,,,,
Regime_0,0.09299171388454873,0.297126721420452,7,0.3129698784410572,0.36365985589701455,0.2799957687947169,7,1.2988048264530643,0.39245269227763807,0.12563547662195446,7,3.123741023075468,-0.09125640550354719,0.8804486184424645,7,-0.1036476218964169,-1.5839403807789942,0.5247691434071132,7,-3.018356549120079,-2.490011224569126,0.6835633405916186,7,-3.6426927494590933
Regime_1,0.21774694247663584,0.17386297510193943,16,1.2524054782162006,0.20103718476109228,0.20556063973731994,16,0.9779945470980823,-0.10901582472871174,0.12338314416703547,16,-0.8835552495009098,0.4354164696694415,0.6450549975254279,16,0.6750067379367563,0.7846686280267973,0.47889173390717105,16,1.638509442676867,1.4714254426408766,0.7787006457945054,16,1.8895906284238235
Regime_2,0.06214726897682361,0.13406941745354006,49,0.4635454539687241,0.09620306158603753,0.17674737652739864,49,0.5442969704906739,0.06711888539731727,0.1337311846023789,49,0.501894046604619,0.6072421331795711,0.7892901098322218,49,0.7693522642880343,0.4694235658294479,0.37121191862063,49,1.2645702960555745,0.6221935180440222,0.4464459821030862,49,1.393659127836781
Regime_3,0.1433763517445421,0.13477692924760637,59,1.0638048555115636,0.22006551439652713,0.16972846239086903,59,1.296574017678523,0.16132030543040723,0.13616750027883598,59,1.1847195924142309,1.1142034989754857,0.6835483496839978,59,1.63002880409349,-0.13637345505347062,0.29169692693805543,59,-0.4675176268909778,-0.1526514180654326,0.3504436767261615,59,-0.43559472806443356
