Asset,SPX,SPX,SPX,SPX,NDX,NDX,NDX,NDX,GOLD,GOLD,GOLD,GOLD,US30Y_BOND_FUT,US30Y_BOND_FUT,US30Y_BOND_FUT,US30Y_BOND_FUT,US10Y_NOTE_FUT,US10Y_NOTE_FUT,US10Y_NOTE_FUT,US10Y_NOTE_FUT,US5Y_NOTE_FUT,US5Y_NOTE_FUT,US5Y_NOTE_FUT,US5Y_NOTE_FUT,BTC,BTC,BTC,BTC
Metric,Ann_Mean_Return,Ann_Std_Dev,Months_Count,Ann_Sharpe_Ratio,Ann_Mean_Return,Ann_Std_Dev,Months_Count,Ann_Sharpe_Ratio,Ann_Mean_Return,Ann_Std_Dev,Months_Count,Ann_Sharpe_Ratio,Ann_Mean_Return,Ann_Std_Dev,Months_Count,Ann_Sharpe_Ratio,Ann_Mean_Return,Ann_Std_Dev,Months_Count,Ann_Sharpe_Ratio,Ann_Mean_Return,Ann_Std_Dev,Months_Count,Ann_Sharpe_Ratio,Ann_Mean_Return,Ann_Std_Dev,Months_Count,Ann_Sharpe_Ratio
Ensemble_Regime,,,,,,,,,,,,,,,,,,,,,,,,,,,,
Regime_0,0.12855695383680416,0.14076035026577416,158,0.9133037364149181,0.1829886562162612,0.17097091752042837,158,1.0702911282814922,0.06709175583365948,0.14290398494518214,158,0.4694883481338594,-0.014397625638768726,0.10206330757873644,158,-0.14106563837999977,-0.012066139109341019,0.05230463190272812,158,-0.23068968598767006,-0.009461370218111756,0.03346199615744295,158,-0.2827497251985448,0.7777478026104513,0.7293857132457799,131,1.066305232590119
Regime_2,0.07506122666662754,0.1510449045158038,269,0.4969464339578162,0.14999315499941734,0.2644962042204834,269,0.5670900096334971,0.16476759175151642,0.1787945215374901,142,0.9215472058911354,0.040393367973266765,0.10846461970383524,141,0.3724105434893115,0.026598185802640346,0.06739975767341923,141,0.3946332556790483,0.01881410410539228,0.0431606110108268,141,0.4359091232668782,,,0,
