Asset,SPX,SPX,SPX,SPX,NDX,NDX,NDX,NDX,GOLD,GOLD,GOLD,GOLD,US30Y_BOND_FUT,US30Y_BOND_FUT,US30Y_BOND_FUT,US30Y_BOND_FUT,US10Y_NOTE_FUT,US10Y_NOTE_FUT,US10Y_NOTE_FUT,US10Y_NOTE_FUT,US5Y_NOTE_FUT,US5Y_NOTE_FUT,US5Y_NOTE_FUT,US5Y_NOTE_FUT,BTC,BTC,BTC,BTC
Metric,Ann_Mean_Return,Ann_Std_Dev,Months_Count,Ann_Sharpe_Ratio,Ann_Mean_Return,Ann_Std_Dev,Months_Count,Ann_Sharpe_Ratio,Ann_Mean_Return,Ann_Std_Dev,Months_Count,Ann_Sharpe_Ratio,Ann_Mean_Return,Ann_Std_Dev,Months_Count,Ann_Sharpe_Ratio,Ann_Mean_Return,Ann_Std_Dev,Months_Count,Ann_Sharpe_Ratio,Ann_Mean_Return,Ann_Std_Dev,Months_Count,Ann_Sharpe_Ratio,Ann_Mean_Return,Ann_Std_Dev,Months_Count,Ann_Sharpe_Ratio
KMeans,,,,,,,,,,,,,,,,,,,,,,,,,,,,
Regime_0,0.09521000853034346,0.14001873714744373,186,0.6799804831126609,0.1547004857889673,0.2520653745728352,186,0.6137316005862838,0.12694064222575951,0.16753142195711487,143,0.7577124383165214,0.054171517168617025,0.08991195162573998,142,0.6024951765490186,0.029835742112470476,0.05623884320343381,142,0.5305184177516791,0.015086175392706397,0.03488893462957451,142,0.4324057341641556,-0.5681426035983723,0.6640169664943496,10,-0.8556145885817616
Regime_1,-0.0966284200414001,0.30126138380758105,17,-0.32074612026318555,0.0573579165915348,0.32312382300792836,17,0.17751063990762275,0.24648324583375442,0.2436015048774778,17,1.0118297338012177,0.051942991690926595,0.17364610435990485,17,0.29913133889412097,0.03924209946125373,0.09428925809290153,17,0.41618844240548786,0.04337200336201459,0.05593088424419243,17,0.7754571369308918,0.45611383415628426,0.8625319364430305,4,0.5288080532266879
Regime_2,0.1314403455165341,0.11411419371068085,84,1.1518316980776386,0.23740968742805815,0.19583707336087267,84,1.212281634696301,,,0,,,,0,,,,0,,,,0,,,,0,
Regime_3,0.09568643721577799,0.1475823906208959,140,0.6483594473108497,0.13977555495894028,0.2191727348174196,140,0.637741528732483,0.08324834594982927,0.14193486884742657,140,0.5865249788571504,-0.036819616167030104,0.10821373128197577,140,-0.3402490213657648,-0.02185640608511223,0.05810164254613631,140,-0.3761753562776971,-0.012297634132285021,0.039156911043830636,140,-0.31406037413215654,0.9037772037720315,0.7267158238455543,117,1.243645967401017
